ID,N1,N2,Key,Err,Timestamp
0,Node0,Node1,0,0,1589639146.915246
1,Node0,Node1,0,0,1589639147.1518002
0,Node0,Node1,0,0,1589639147.1541069
2,Node0,Node1,0,0,1589639147.380734
1,Node0,Node1,0,0,1589639147.381002
3,Node0,Node1,0,0,1589639147.601911
2,Node0,Node1,0,0,1589639147.611381
4,Node0,Node1,0,0,1589639147.826324
3,Node0,Node1,0,0,1589639147.833351
5,Node0,Node1,0,0,1589639148.0518122
4,Node0,Node1,1,0,1589639148.053476
6,Node0,Node1,0,0,1589639148.273675
5,Node0,Node1,0,0,1589639148.2795782
6,Node0,Node1,1,0,1589639148.4976482
7,Node0,Node1,0,0,1589639148.500309
8,Node0,Node1,0,0,1589639148.7240808
7,Node0,Node1,1,0,1589639148.727411
8,Node0,Node1,0,0,1589639148.946943
9,Node0,Node1,0,0,1589639148.953113
10,Node0,Node1,0,0,1589639149.174521
9,Node0,Node1,0,0,1589639149.177598
11,Node0,Node1,0,0,1589639149.4000928
10,Node0,Node1,0,0,1589639149.402123
12,Node0,Node1,0,0,1589639149.621425
11,Node0,Node1,0,0,1589639149.624916
12,Node0,Node1,0,0,1589639149.846116
13,Node0,Node1,0,0,1589639149.849943
14,Node0,Node1,0,0,1589639150.072595
13,Node0,Node1,1,0,1589639150.077729
14,Node0,Node1,0,0,1589639150.293671
15,Node0,Node1,0,0,1589639150.2978508
16,Node0,Node1,0,0,1589639150.5210218
15,Node0,Node1,1,0,1589639150.525277
17,Node0,Node1,0,0,1589639150.746061
16,Node0,Node1,1,0,1589639150.746683
18,Node0,Node1,0,0,1589639150.973918
17,Node0,Node1,0,0,1589639150.97414
19,Node0,Node1,0,0,1589639151.194669
18,Node0,Node1,0,0,1589639151.198171
20,Node0,Node1,0,0,1589639151.4168808
19,Node0,Node1,0,0,1589639151.4228601
21,Node0,Node1,0,0,1589639151.641966
20,Node0,Node1,0,0,1589639151.642169
22,Node0,Node1,0,0,1589639151.8663082
21,Node0,Node1,1,0,1589639151.868535
23,Node0,Node1,0,0,1589639152.089718
22,Node0,Node1,0,0,1589639152.099181
23,Node0,Node1,0,0,1589639152.348025
24,Node0,Node1,0,0,1589639152.349119
25,Node0,Node1,0,0,1589639152.5698738
24,Node0,Node1,0,0,1589639152.575899
26,Node0,Node1,0,0,1589639152.793698
25,Node0,Node1,0,0,1589639152.795409
26,Node0,Node1,0,0,1589639153.0168772
27,Node0,Node1,0,0,1589639153.020672
28,Node0,Node1,0,0,1589639153.24327
27,Node0,Node1,0,0,1589639153.2456021
29,Node0,Node1,0,0,1589639153.471489
28,Node0,Node1,0,0,1589639153.473664
29,Node0,Node1,0,0,1589639153.67853
0,Node0,Node1,0,0,1589641245.314945
1,Node0,Node1,0,0,1589641245.5202491
0,Node0,Node1,0,0,1589641245.526405
2,Node0,Node1,0,0,1589641245.771429
1,Node0,Node1,0,0,1589641245.775415
3,Node0,Node1,0,0,1589641245.9966478
2,Node0,Node1,0,0,1589641245.99997
4,Node0,Node1,0,0,1589641246.2176409
3,Node0,Node1,0,0,1589641246.2245498
5,Node0,Node1,0,0,1589641246.444543
4,Node0,Node1,0,0,1589641246.447406
6,Node0,Node1,0,0,1589641246.6680489
5,Node0,Node1,0,0,1589641246.670322
7,Node0,Node1,0,0,1589641246.894588
6,Node0,Node1,0,0,1589641246.897515
7,Node0,Node1,0,0,1589641247.117665
8,Node0,Node1,0,0,1589641247.121409
8,Node0,Node1,0,0,1589641247.345578
9,Node0,Node1,0,0,1589641247.34643
10,Node0,Node1,0,0,1589641247.571309
9,Node0,Node1,0,0,1589641247.571594
11,Node0,Node1,0,0,1589641247.791649
10,Node0,Node1,0,0,1589641247.800952
12,Node0,Node1,0,0,1589641248.052653
11,Node0,Node1,0,0,1589641248.05482
13,Node0,Node1,0,0,1589641248.276907
12,Node0,Node1,0,0,1589641248.280284
14,Node0,Node1,0,0,1589641248.502322
13,Node0,Node1,0,0,1589641248.508768
15,Node0,Node1,0,0,1589641248.731615
14,Node0,Node1,1,0,1589641248.7408571
16,Node0,Node1,0,0,1589641248.958671
15,Node0,Node1,0,0,1589641248.960394
17,Node0,Node1,0,0,1589641249.1827998
16,Node0,Node1,0,0,1589641249.1872268
18,Node0,Node1,0,0,1589641249.409504
17,Node0,Node1,0,0,1589641249.4102771
19,Node0,Node1,0,0,1589641249.6493828
18,Node0,Node1,0,0,1589641249.66513
20,Node0,Node1,0,0,1589641249.8784661
19,Node0,Node1,0,0,1589641249.880662
21,Node0,Node1,0,0,1589641250.102904
20,Node0,Node1,1,0,1589641250.105227
22,Node0,Node1,0,0,1589641250.328507
21,Node0,Node1,0,0,1589641250.33023
23,Node0,Node1,0,0,1589641250.5528681
22,Node0,Node1,0,0,1589641250.557621
23,Node0,Node1,0,0,1589641250.773366
24,Node0,Node1,0,0,1589641250.7870631
25,Node0,Node1,0,0,1589641251.005364
24,Node0,Node1,0,0,1589641251.011055
26,Node0,Node1,0,0,1589641251.229474
25,Node0,Node1,0,0,1589641251.240282
27,Node0,Node1,0,0,1589641251.48084
26,Node0,Node1,0,0,1589641251.4925618
28,Node0,Node1,0,0,1589641251.724192
27,Node0,Node1,0,0,1589641251.7263832
29,Node0,Node1,0,0,1589641251.952755
28,Node0,Node1,1,0,1589641251.953017
29,Node0,Node1,0,0,1589641252.155327
0,Node0,Node1,0,0,1589641257.5936131
0,Node0,Node1,0,0,1589641257.8244748
1,Node0,Node1,0,0,1589641257.835279
2,Node0,Node1,0,0,1589641258.06201
1,Node0,Node1,0,0,1589641258.062145
3,Node0,Node1,0,0,1589641258.290074
2,Node0,Node1,0,0,1589641258.291862
3,Node0,Node1,1,0,1589641258.522866
4,Node0,Node1,0,0,1589641258.5317981
5,Node0,Node1,0,0,1589641258.753867
4,Node0,Node1,0,0,1589641258.758934
5,Node0,Node1,0,0,1589641258.9810402
6,Node0,Node1,0,0,1589641258.9818282
7,Node0,Node1,0,0,1589641259.206836
6,Node0,Node1,0,0,1589641259.211085
8,Node0,Node1,0,0,1589641259.4315908
7,Node0,Node1,0,0,1589641259.436005
9,Node0,Node1,0,0,1589641259.6565561
8,Node0,Node1,0,0,1589641259.658807
9,Node0,Node1,0,0,1589641259.8827069
10,Node0,Node1,0,0,1589641259.886977
11,Node0,Node1,0,0,1589641260.1130219
10,Node0,Node1,1,0,1589641260.1166122
12,Node0,Node1,0,0,1589641260.339844
11,Node0,Node1,0,0,1589641260.3446279
13,Node0,Node1,0,0,1589641260.5666292
12,Node0,Node1,0,0,1589641260.568752
14,Node0,Node1,0,0,1589641260.792684
13,Node0,Node1,0,0,1589641260.794451
15,Node0,Node1,0,0,1589641261.014397
14,Node0,Node1,0,0,1589641261.021162
16,Node0,Node1,0,0,1589641261.247285
15,Node0,Node1,1,0,1589641261.249835
17,Node0,Node1,0,0,1589641261.470058
16,Node0,Node1,0,0,1589641261.475085
18,Node0,Node1,0,0,1589641261.709203
17,Node0,Node1,0,0,1589641261.714705
18,Node0,Node1,0,0,1589641261.9375691
19,Node0,Node1,0,0,1589641261.942505
20,Node0,Node1,0,0,1589641262.1646569
19,Node0,Node1,0,0,1589641262.170249
20,Node0,Node1,0,0,1589641262.392077
21,Node0,Node1,0,0,1589641262.392975
22,Node0,Node1,0,0,1589641262.61214
21,Node0,Node1,0,0,1589641262.621249
22,Node0,Node1,0,0,1589641262.8399732
23,Node0,Node1,0,0,1589641262.840758
23,Node0,Node1,0,0,1589641263.06259
24,Node0,Node1,0,0,1589641263.067801
25,Node0,Node1,0,0,1589641263.2968059
24,Node0,Node1,0,0,1589641263.2990139
26,Node0,Node1,0,0,1589641263.521688
25,Node0,Node1,1,0,1589641263.5267541
27,Node0,Node1,0,0,1589641263.7438421
26,Node0,Node1,0,0,1589641263.748571
28,Node0,Node1,0,0,1589641263.969772
27,Node0,Node1,0,0,1589641263.971819
28,Node0,Node1,0,0,1589641264.196019
29,Node0,Node1,0,0,1589641264.198126
29,Node0,Node1,0,0,1589641264.4073641
0,Node0,Node1,0,0,1589641969.069869
1,Node0,Node1,0,0,1589641969.302764
0,Node0,Node1,0,0,1589641969.303425
2,Node0,Node1,0,0,1589641969.527713
1,Node0,Node1,0,0,1589641969.53363
3,Node0,Node1,0,0,1589641969.755479
2,Node0,Node1,0,0,1589641969.757546
4,Node0,Node1,0,0,1589641969.9742138
3,Node0,Node1,0,0,1589641969.98478
4,Node0,Node1,0,0,1589641970.229763
5,Node0,Node1,0,0,1589641970.236746
5,Node0,Node1,0,0,1589641970.457281
6,Node0,Node1,0,0,1589641970.4629
6,Node0,Node1,0,0,1589641970.687223
7,Node0,Node1,0,0,1589641970.6880882
8,Node0,Node1,0,0,1589641970.911426
7,Node0,Node1,0,0,1589641970.9144409
9,Node0,Node1,0,0,1589641971.137363
8,Node0,Node1,0,0,1589641971.139356
9,Node0,Node1,0,0,1589641971.36252
10,Node0,Node1,0,0,1589641971.363264
11,Node0,Node1,0,0,1589641971.586318
10,Node0,Node1,0,0,1589641971.588465
12,Node0,Node1,0,0,1589641971.8117309
11,Node0,Node1,0,0,1589641971.812405
13,Node0,Node1,0,0,1589641972.0571039
12,Node0,Node1,1,0,1589641972.058775
13,Node0,Node1,0,0,1589641972.2795851
14,Node0,Node1,0,0,1589641972.287711
15,Node0,Node1,0,0,1589641972.539337
14,Node0,Node1,0,0,1589641972.549303
16,Node0,Node1,0,0,1589641972.775934
15,Node0,Node1,1,0,1589641972.779327
17,Node0,Node1,0,0,1589641972.994761
16,Node0,Node1,0,0,1589641973.002012
17,Node0,Node1,1,0,1589641973.2224388
18,Node0,Node1,0,0,1589641973.2226071
19,Node0,Node1,0,0,1589641973.4429598
18,Node0,Node1,0,0,1589641973.447867
19,Node0,Node1,0,0,1589641973.6623518
20,Node0,Node1,0,0,1589641973.673364
21,Node0,Node1,0,0,1589641973.892398
20,Node0,Node1,1,0,1589641973.896109
22,Node0,Node1,0,0,1589641974.115113
21,Node0,Node1,0,0,1589641974.118939
23,Node0,Node1,0,0,1589641974.335745
22,Node0,Node1,0,0,1589641974.3463879
24,Node0,Node1,0,0,1589641974.56027
23,Node0,Node1,0,0,1589641974.562179
25,Node0,Node1,0,0,1589641974.7865999
24,Node0,Node1,0,0,1589641974.787359
25,Node0,Node1,0,0,1589641975.011287
26,Node0,Node1,0,0,1589641975.012094
27,Node0,Node1,0,0,1589641975.234803
26,Node0,Node1,0,0,1589641975.2363331
27,Node0,Node1,1,0,1589641975.4595242
28,Node0,Node1,0,0,1589641975.4659882
28,Node0,Node1,0,0,1589641975.68918
29,Node0,Node1,0,0,1589641975.696621
29,Node0,Node1,0,0,1589641975.897216
0,Node0,Node1,0,0,1589641986.670805
1,Node0,Node1,0,0,1589641986.9050071
0,Node0,Node1,0,0,1589641986.9117062
2,Node0,Node1,0,0,1589641987.129888
1,Node0,Node1,0,0,1589641987.135744
3,Node0,Node1,0,0,1589641987.360097
2,Node0,Node1,0,0,1589641987.360279
4,Node0,Node1,0,0,1589641987.582766
3,Node0,Node1,0,0,1589641987.587122
5,Node0,Node1,0,0,1589641987.8074088
4,Node0,Node1,0,0,1589641987.811884
5,Node0,Node1,0,0,1589641988.0314372
6,Node0,Node1,0,0,1589641988.037618
7,Node0,Node1,0,0,1589641988.2650251
6,Node0,Node1,1,0,1589641988.265151
8,Node0,Node1,0,0,1589641988.494397
7,Node0,Node1,0,0,1589641988.4972868
9,Node0,Node1,0,0,1589641988.718872
8,Node0,Node1,0,0,1589641988.723304
10,Node0,Node1,0,0,1589641988.94343
9,Node0,Node1,0,0,1589641988.947198
11,Node0,Node1,0,0,1589641989.1682088
10,Node0,Node1,0,0,1589641989.17023
12,Node0,Node1,0,0,1589641989.391742
11,Node0,Node1,0,0,1589641989.3989382
13,Node0,Node1,0,0,1589641989.617642
12,Node0,Node1,0,0,1589641989.619817
13,Node0,Node1,0,0,1589641989.845681
14,Node0,Node1,0,0,1589641989.847069
15,Node0,Node1,0,0,1589641990.07405
14,Node0,Node1,0,0,1589641990.076043
16,Node0,Node1,0,0,1589641990.294196
15,Node0,Node1,0,0,1589641990.302849
17,Node0,Node1,0,0,1589641990.524043
16,Node0,Node1,0,0,1589641990.5261152
17,Node0,Node1,0,0,1589641990.7681751
18,Node0,Node1,0,0,1589641990.7935228
19,Node0,Node1,0,0,1589641991.0533671
18,Node0,Node1,0,0,1589641991.056442
20,Node0,Node1,0,0,1589641991.27223
19,Node0,Node1,0,0,1589641991.28277
21,Node0,Node1,0,0,1589641991.502594
20,Node0,Node1,0,0,1589641991.504328
22,Node0,Node1,0,0,1589641991.7265952
21,Node0,Node1,0,0,1589641991.728781
23,Node0,Node1,0,0,1589641991.954518
22,Node0,Node1,1,0,1589641991.9567611
24,Node0,Node1,0,0,1589641992.178553
23,Node0,Node1,0,0,1589641992.1822238
24,Node0,Node1,0,0,1589641992.4052732
25,Node0,Node1,0,0,1589641992.40559
26,Node0,Node1,0,0,1589641992.633947
25,Node0,Node1,0,0,1589641992.634619
27,Node0,Node1,0,0,1589641992.857051
26,Node0,Node1,0,0,1589641992.864665
27,Node0,Node1,0,0,1589641993.082401
28,Node0,Node1,0,0,1589641993.083068
29,Node0,Node1,0,0,1589641993.305658
28,Node0,Node1,0,0,1589641993.3113532
29,Node0,Node1,0,0,1589641993.512867
