EPR sent,EPR recv,Cast Vote,Votes Sent,Votes recv,Recorded votes
1589386500.931139,1589386501.025193,1.1,1589386501.040215,1589386501.136158,1.1
1589386501.280515,1589386501.3744671,1.1,1589386501.390201,1589386501.484386,1.1
1589386501.618976,1589386501.725434,1.0,1589386501.7366972,1589386501.827759,1.0
1589386501.962181,1589386502.0636458,0.1,1589386502.0732129,1589386502.1688802,0.1
1589386502.5303,1589386502.631586,0.1,1589386502.645385,1589386502.737084,0.0
1589386502.8747609,1589386502.974135,1.1,1589386502.99264,1589386503.080436,1.1
1589386503.225078,1589386503.324822,0.0,1589386503.3329878,1589386503.4327419,0.0
1589386503.576245,1589386503.66783,0.0,1589386503.675235,1589386503.6805172,0.0
1589386504.119433,1589386504.2157922,1.0,1589386504.227665,1589386504.327766,1.0
1589386504.455743,1589386504.5561311,0.1,1589386504.567625,1589386504.665555,0.0
1589386504.796573,1589386504.898085,1.0,1589386504.910251,1589386505.000679,1.0
1589386505.1420422,1589386505.24355,1.0,1589386505.255597,1589386505.349293,1.0
1589386505.6968,1589386505.794292,0.0,1589386505.801541,1589386505.904924,0.0
1589386506.036717,1589386506.036709,0.1,1589386506.043178,1589386506.141053,0.1
1589386506.2886689,1589386506.3886342,0.1,1589386506.3980548,1589386506.497536,1.0
1589386506.633725,1589386506.733546,0.1,1589386506.745301,1589386506.840663,0.1
1589386507.1887271,1589386507.2915268,1.0,1589386507.3030112,1589386507.393218,1.1
1589386507.5326898,1589386507.634736,1.0,1589386507.6464472,1589386507.737411,1.1
1589386507.875732,1589386507.972196,0.0,1589386507.980654,1589386507.981156,0.0
1589386508.383946,1589386508.483983,1.0,1589386508.496156,1589386508.593099,1.0
1589386509.0496068,1589386509.1468852,0.1,1589386509.159801,1589386509.257479,0.1
1589386509.460543,1589386509.5540779,1.0,1589386509.565374,1589386509.5658119,1.0
1589386509.805074,1589386509.893043,0.0,1589386509.9000762,1589386509.911328,0.0
1589386510.168148,1589386510.270853,0.0,1589386510.277453,1589386510.372698,0.0
1589386510.771617,1589386510.872003,1.1,1589386510.889143,1589386510.9793322,1.1
1589386511.1667562,1589386511.2656178,1.0,1589386511.276553,1589386511.374361,1.0
1589386511.572265,1589386511.6662452,1.0,1589386511.676237,1589386511.681016,1.0
1589386511.886935,1589386511.9849741,0.0,1589386511.992001,1589386512.0930738,0.0
1589386512.4521668,1589386512.553495,0.1,1589386512.565164,1589386512.658317,0.1
1589386512.800881,1589386512.8950028,1.0,1589386512.9063091,1589386513.008167,1.0
1589386513.1408901,1589386513.2435288,1.0,1589386513.253813,1589386513.347609,1.0
1589386513.5058649,1589386513.6113439,0.0,1589386513.6184561,1589386513.717215,1.1
1589386514.078273,1589386514.1756291,0.1,1589386514.187574,1589386514.281801,0.1
1589386514.455953,1589386514.557167,1.0,1589386514.568286,1589386514.6623738,1.0
1589386514.805975,1589386514.909747,0.1,1589386514.921161,1589386515.0104792,0.1
1589386515.157241,1589386515.253885,0.1,1589386515.2657201,1589386515.366622,0.1
1589386515.7103329,1589386515.807096,1.0,1589386515.818752,1589386515.914512,1.0
1589386516.055189,1589386516.151882,1.1,1589386516.167294,1589386516.26435,1.1
1589386516.39749,1589386516.497302,1.0,1589386516.510467,1589386516.604566,1.0
1589386516.74427,1589386516.8376179,0.0,1589386516.8430521,1589386516.849928,1.1
1589386517.28051,1589386517.3822122,0.1,1589386517.3939142,1589386517.4862661,0.1
1589386517.631045,1589386517.7285602,1.1,1589386517.744479,1589386517.838711,1.1
1589386517.974879,1589386518.0745852,0.0,1589386518.081724,1589386518.1803288,0.0
1589386518.310636,1589386518.410208,0.0,1589386518.417309,1589386518.5156548,0.0
1589386518.8572109,1589386518.956665,0.1,1589386518.968199,1589386519.063238,0.1
1589386519.197175,1589386519.297597,0.1,1589386519.308567,1589386519.402333,0.1
1589386519.544689,1589386519.637125,0.0,1589386519.6445088,1589386519.6497128,0.0
1589386519.856352,1589386519.9550889,0.1,1589386519.966769,1589386520.0629618,0.1
1589386520.405747,1589386520.503993,1.0,1589386520.520025,1589386520.620235,0.1
1589386520.850848,1589386520.944083,0.0,1589386520.951267,1589386520.953374,0.0
1589386521.220444,1589386521.305902,1.1,1589386521.318908,1589386521.323395,1.1
1589386521.597364,1589386521.692617,0.0,1589386521.701663,1589386521.7021272,0.0
1589386522.1835089,1589386522.282717,1.0,1589386522.294299,1589386522.392066,1.0
1589386522.57296,1589386522.579799,1.0,1589386522.5914292,1589386522.6808052,0.0
1589386522.831796,1589386522.9335291,0.1,1589386522.945035,1589386523.037954,0.1
1589386523.1887841,1589386523.192095,1.0,1589386523.198209,1589386523.2932749,1.0
1589386523.633943,1589386523.7309902,0.0,1589386523.738179,1589386523.73906,0.0
1589386523.96612,1589386524.064368,0.0,1589386524.071821,1589386524.17234,0.0
1589386524.3040159,1589386524.40072,1.0,1589386524.4120371,1589386524.512403,1.0
1589386524.646833,1589386524.747259,0.0,1589386524.75441,1589386524.857506,0.0
1589386525.200771,1589386525.300964,1.1,1589386525.315389,1589386525.4054358,1.1
1589386525.561302,1589386525.649046,0.1,1589386525.6603289,1589386525.6656919,0.1
1589386525.8797178,1589386525.979617,0.1,1589386525.990916,1589386526.084748,0.1
1589386526.224832,1589386526.32225,1.1,1589386526.3376698,1589386526.43529,1.1
1589386526.777317,1589386526.877782,0.0,1589386526.884755,1589386526.9826639,0.0
1589386527.117172,1589386527.2209978,0.0,1589386527.228395,1589386527.322363,0.0
1589386527.46358,1589386527.555617,0.1,1589386527.566046,1589386527.5671942,0.0
1589386527.7789829,1589386527.880994,1.0,1589386527.892512,1589386527.987157,1.0
1589386528.3345358,1589386528.4363992,1.1,1589386528.4513931,1589386528.542572,0.1
1589386528.6839318,1589386528.781962,0.0,1589386528.7882361,1589386528.88753,0.0
1589386529.0165892,1589386529.120849,1.0,1589386529.13221,1589386529.2253351,1.0
1589386529.363041,1589386529.461175,0.1,1589386529.472943,1589386529.569275,0.1
1589386529.9108632,1589386530.012485,0.1,1589386530.025044,1589386530.1190798,0.0
1589386530.2568488,1589386530.353873,1.0,1589386530.3653572,1589386530.469256,1.0
1589386530.604311,1589386530.703273,0.1,1589386530.7147431,1589386530.815901,0.1
1589386530.943915,1589386530.944038,0.0,1589386530.948787,1589386531.047455,1.1
1589386531.3773272,1589386531.4756532,0.0,1589386531.482989,1589386531.5857651,0.0
1589386531.7212648,1589386531.81796,1.1,1589386531.83374,1589386531.927773,1.1
1589386532.064647,1589386532.158344,0.0,1589386532.165439,1589386532.170815,0.0
1589386532.381352,1589386532.4798899,1.0,1589386532.491507,1589386532.589529,1.0
1589386532.929279,1589386533.025791,1.0,1589386533.036227,1589386533.13644,1.0
1589386533.26614,1589386533.36214,0.1,1589386533.373248,1589386533.472821,0.1
1589386533.604984,1589386533.703205,0.1,1589386533.7146611,1589386533.814813,0.1
1589386533.941003,1589386534.04011,0.0,1589386534.0449889,1589386534.1478348,0.0
1589386534.506154,1589386534.6065128,1.1,1589386534.621324,1589386534.71135,1.1
1589386534.842835,1589386534.843434,0.1,1589386534.850424,1589386534.945559,0.1
1589386535.075296,1589386535.172566,0.0,1589386535.1795561,1589386535.278812,0.0
1589386535.407695,1589386535.503262,0.1,1589386535.51858,1589386535.618575,0.1
1589386535.958295,1589386536.057987,1.1,1589386536.0748181,1589386536.16768,1.1
1589386536.302499,1589386536.400214,0.1,1589386536.41108,1589386536.508299,0.1
1589386536.649756,1589386536.745825,0.0,1589386536.753201,1589386536.753821,0.0
1589386536.967468,1589386537.067148,1.0,1589386537.0786428,1589386537.1712792,0.1
1589386537.530001,1589386537.626157,1.0,1589386537.6374788,1589386537.738981,1.0
1589386537.864161,1589386537.969576,0.1,1589386537.9809642,1589386538.074968,0.0
1589386538.214238,1589386538.3191319,0.0,1589386538.326169,1589386538.42335,0.0
1589386538.559075,1589386538.561044,0.1,1589386538.567992,1589386538.662003,0.1
1589386539.030452,1589386539.121793,0.0,1589386539.128793,1589386539.133437,0.0
1589386539.3493178,1589386539.4513211,0.1,1589386539.462896,1589386539.558709,0.0
1589386539.700502,1589386539.7972639,0.1,1589386539.808408,1589386539.906558,0.0
1589386540.043477,1589386540.1347709,1.0,1589386540.150793,1589386540.2547789,1.0
1589386540.597857,1589386540.700165,0.0,1589386540.7072551,1589386540.80545,0.0
1589386540.937411,1589386541.035357,0.0,1589386541.043277,1589386541.146828,0.0
1589386541.269546,1589386541.370133,0.1,1589386541.3808692,1589386541.4751308,0.0
1589386541.618752,1589386541.713253,1.0,1589386541.723192,1589386541.825322,1.0
1589386542.172843,1589386542.2708962,0.0,1589386542.279532,1589386542.382453,0.0
1589386542.5195851,1589386542.6208,0.1,1589386542.6326091,1589386542.726133,0.1
1589386542.86273,1589386542.9643352,1.0,1589386542.975638,1589386543.070455,1.0
1589386543.226738,1589386543.228184,0.0,1589386543.231533,1589386543.331157,0.0
1589386543.6728451,1589386543.77597,1.1,1589386543.790897,1589386543.881065,1.1
1589386544.022123,1589386544.121972,0.0,1589386544.128908,1589386544.2274802,0.1
1589386544.360085,1589386544.4663491,0.0,1589386544.473344,1589386544.568037,0.0
1589386544.717689,1589386544.812758,0.0,1589386544.8204732,1589386544.9251971,0.0
1589386545.271026,1589386545.37051,1.1,1589386545.385577,1589386545.478244,1.1
1589386545.6268318,1589386545.722262,0.0,1589386545.729343,1589386545.729559,0.0
1589386545.9622662,1589386546.064708,1.1,1589386546.080683,1589386546.169771,1.1
1589386546.310582,1589386546.412142,0.0,1589386546.4201589,1589386546.517021,0.0
1589386546.973398,1589386547.072128,0.0,1589386547.076038,1589386547.07825,0.0
1589386547.30708,1589386547.4069839,1.0,1589386547.419946,1589386547.51535,1.0
1589386547.672865,1589386547.768151,1.0,1589386547.7806652,1589386547.8769941,1.0
1589386548.014431,1589386548.1117702,1.0,1589386548.122891,1589386548.2185652,1.0
1589386548.561881,1589386548.661472,1.0,1589386548.6730042,1589386548.766805,1.0
1589386548.900424,1589386549.001246,1.1,1589386549.016348,1589386549.107785,1.1
1589386549.245162,1589386549.350415,1.0,1589386549.361204,1589386549.453869,1.0
1589386549.59005,1589386549.6902971,0.0,1589386549.697299,1589386549.795454,0.1
1589386550.1404932,1589386550.240441,1.1,1589386550.255442,1589386550.345224,1.1
1589386550.485286,1589386550.587224,0.1,1589386550.5984619,1589386550.691127,0.1
1589386550.825957,1589386550.928223,1.1,1589386550.9423912,1589386551.031391,0.0
1589386551.203778,1589386551.288793,0.1,1589386551.3001149,1589386551.310017,0.1
1589386551.737539,1589386551.83587,0.0,1589386551.843423,1589386551.946075,0.0
1589386552.075608,1589386552.17233,0.1,1589386552.182455,1589386552.282912,0.1
1589386552.411548,1589386552.507644,0.0,1589386552.514904,1589386552.61818,0.1
1589386552.751422,1589386552.85305,1.0,1589386552.864387,1589386552.958681,1.0
1589386553.3033469,1589386553.400846,1.1,1589386553.4158762,1589386553.509008,1.1
1589386553.6465821,1589386553.747956,0.1,1589386553.758879,1589386553.85149,1.0
1589386553.984086,1589386553.986351,1.1,1589386553.995806,1589386554.086457,1.1
1589386554.2199528,1589386554.317517,1.1,1589386554.332816,1589386554.425565,1.1
1589386554.774824,1589386554.871992,0.0,1589386554.879603,1589386554.9835,0.0
1589386555.113549,1589386555.211582,0.1,1589386555.2229528,1589386555.317201,0.1
1589386555.452372,1589386555.551612,1.1,1589386555.566394,1589386555.659956,1.1
1589386555.8551161,1589386555.956921,1.1,1589386555.971228,1589386556.0592089,1.1
1589386556.409942,1589386556.506818,1.0,1589386556.518053,1589386556.617595,1.0
1589386556.747345,1589386556.749834,0.0,1589386556.7533581,1589386556.852545,0.0
1589386556.976937,1589386557.0735831,1.0,1589386557.0853062,1589386557.180511,1.0
1589386557.3148532,1589386557.415047,0.0,1589386557.4219918,1589386557.522727,1.1
1589386557.866399,1589386557.9656918,0.0,1589386557.972793,1589386558.077156,0.0
1589386558.206521,1589386558.304106,0.0,1589386558.311274,1589386558.4105878,0.0
1589386558.5425222,1589386558.645667,0.1,1589386558.656142,1589386558.748408,0.1
1589386559.3192132,1589386559.416123,0.1,1589386559.427317,1589386559.522753,0.1
1589386559.660956,1589386559.7628422,1.1,1589386559.776994,1589386559.8668082,1.0
1589386560.0045922,1589386560.1036081,0.1,1589386560.1157372,1589386560.212961,0.1
1589386560.348026,1589386560.449022,0.0,1589386560.455189,1589386560.5551,0.0
1589386560.8994088,1589386560.998111,1.1,1589386561.012749,1589386561.1038568,1.1
1589386561.241009,1589386561.3459918,0.0,1589386561.35279,1589386561.447472,0.1
1589386561.582817,1589386561.686534,0.0,1589386561.693423,1589386561.788117,0.0
1589386561.923991,1589386562.021545,0.0,1589386562.028655,1589386562.1301918,0.0
1589386562.4654331,1589386562.567245,1.0,1589386562.578681,1589386562.671617,1.0
1589386562.810802,1589386562.910025,0.0,1589386562.917561,1589386563.015077,0.0
1589386563.172859,1589386563.271133,0.1,1589386563.282069,1589386563.380799,0.1
1589386563.522364,1589386563.6248882,0.1,1589386563.6340292,1589386563.727412,0.1
1589386564.077358,1589386564.1758342,1.0,1589386564.187362,1589386564.284205,1.1
1589386564.419648,1589386564.51783,0.1,1589386564.5297039,1589386564.624214,0.0
1589386564.766706,1589386564.864424,1.0,1589386564.875927,1589386564.970796,1.0
1589386565.1003819,1589386565.1041229,0.0,1589386565.107469,1589386565.2038982,0.0
1589386565.538191,1589386565.636825,1.0,1589386565.64816,1589386565.742178,1.0
1589386565.8744152,1589386565.975672,0.0,1589386565.982628,1589386566.08208,0.0
1589386566.2161689,1589386566.316648,1.1,1589386566.331288,1589386566.421432,1.1
1589386566.562261,1589386566.665241,0.1,1589386566.676044,1589386566.76861,0.1
1589386567.115496,1589386567.215374,1.1,1589386567.229984,1589386567.322517,1.1
1589386567.459201,1589386567.558642,0.0,1589386567.565759,1589386567.6632051,0.0
1589386567.801733,1589386567.802437,0.1,1589386567.809296,1589386567.9047492,0.1
1589386568.0295,1589386568.128748,1.1,1589386568.143549,1589386568.238122,1.1
1589386568.5855029,1589386568.6874712,1.0,1589386568.698723,1589386568.789082,1.0
1589386568.925434,1589386569.027313,1.0,1589386569.0384278,1589386569.13149,1.0
1589386569.267184,1589386569.36657,1.1,1589386569.3816261,1589386569.472418,1.1
1589386569.613132,1589386569.713521,0.0,1589386569.720473,1589386569.81961,0.0
1589386570.1594229,1589386570.260382,1.1,1589386570.274854,1589386570.365942,1.1
1589386570.500515,1589386570.595383,0.0,1589386570.6026518,1589386570.606611,0.0
1589386570.818361,1589386570.920063,1.0,1589386570.931838,1589386571.024516,1.0
1589386571.165974,1589386571.2625868,0.0,1589386571.269423,1589386571.270733,0.0
1589386571.7185102,1589386571.818592,0.0,1589386571.825585,1589386571.92316,0.0
1589386572.0596511,1589386572.156217,0.1,1589386572.167734,1589386572.263365,0.1
1589386572.4016798,1589386572.500541,1.1,1589386572.515131,1589386572.608499,1.0
1589386572.757746,1589386572.857536,0.0,1589386572.864933,1589386572.963375,0.0
1589386573.357128,1589386573.459712,0.0,1589386573.466822,1589386573.567421,0.0
1589386573.719358,1589386573.81158,1.1,1589386573.8270772,1589386573.922817,1.0
1589386574.0659158,1589386574.161411,1.1,1589386574.1783931,1589386574.271138,1.1
1589386574.40722,1589386574.5091689,1.1,1589386574.5242062,1589386574.614941,1.1
1589386574.975293,1589386575.070294,1.0,1589386575.0817542,1589386575.179091,0.1
1589386575.403618,1589386575.405067,0.0,1589386575.409228,1589386575.511125,1.0
1589386575.7036521,1589386575.807041,0.1,1589386575.833547,1589386575.915566,0.1
1589386576.14654,1589386576.234981,0.0,1589386576.243184,1589386576.24882,0.0
1589386576.764189,1589386576.8658261,0.0,1589386576.872463,1589386576.968317,0.0
1589386577.106714,1589386577.203805,0.0,1589386577.211482,1589386577.316391,0.1
1589386577.4808252,1589386577.578275,0.0,1589386577.5849888,1589386577.587646,0.0
1589386577.818603,1589386577.9108539,0.0,1589386577.918964,1589386577.922475,0.0
1589386662.594558,1589386662.695329,1.0,1589386662.70681,1589386662.802169,1.0
1589386663.160613,1589386663.263653,1.0,1589386663.2748642,1589386663.366244,1.1
1589386663.50859,1589386663.6062038,0.1,1589386663.617839,1589386663.7142541,0.1
1589386664.054701,1589386664.1533692,0.0,1589386664.161681,1589386664.262454,0.0
1589386664.391449,1589386664.4951942,1.0,1589386664.5063329,1589386664.599345,0.0
1589386664.7363431,1589386664.829988,1.0,1589386664.841119,1589386664.841564,1.0
1589386665.063074,1589386665.159913,0.0,1589386665.1647282,1589386665.1662169,0.0
1589386665.625854,1589386665.724162,1.1,1589386665.739325,1589386665.829945,1.1
1589386665.983087,1589386666.079883,0.0,1589386666.087116,1589386666.089129,0.0
1589386666.300111,1589386666.39903,0.0,1589386666.406705,1589386666.5070028,0.0
1589386666.636819,1589386666.741039,0.1,1589386666.7520409,1589386666.843356,0.1
1589386667.185952,1589386667.2884889,0.0,1589386667.295413,1589386667.389502,0.0
1589386667.530123,1589386667.6288562,0.1,1589386667.640287,1589386667.738237,0.1
1589386667.867702,1589386667.971339,1.1,1589386667.9859898,1589386668.072414,1.1
1589386668.213364,1589386668.315726,0.0,1589386668.3229492,1589386668.417226,0.0
1589386668.76459,1589386668.866003,0.1,1589386668.877067,1589386668.9744692,0.1
1589386669.108404,1589386669.208524,0.1,1589386669.2196631,1589386669.3132539,0.1
1589386669.44827,1589386669.545988,0.0,1589386669.5533829,1589386669.652,0.0
1589386669.785312,1589386669.8820858,0.0,1589386669.8893461,1589386669.992376,0.0
1589386670.3378391,1589386670.433534,1.0,1589386670.4445922,1589386670.546109,1.0
1589386670.6764932,1589386670.770615,1.1,1589386670.785547,1589386670.883589,1.1
1589386671.02077,1589386671.117822,1.1,1589386671.131841,1589386671.225953,1.1
1589386671.362158,1589386671.463499,0.0,1589386671.470765,1589386671.572576,0.0
1589386671.914829,1589386672.0115619,0.1,1589386672.0228329,1589386672.11809,0.1
1589386672.254456,1589386672.3489668,0.0,1589386672.3558972,1589386672.3612108,0.0
1589386672.577394,1589386672.6804018,1.0,1589386672.691797,1589386672.785356,1.0
1589386672.922231,1589386673.022309,1.1,1589386673.037007,1589386673.1279519,1.1
1589386673.475991,1589386673.572924,0.1,1589386673.584512,1589386673.682455,0.1
1589386673.814347,1589386673.9111428,0.1,1589386673.922412,1589386674.0193129,0.0
1589386674.1545758,1589386674.2534862,0.0,1589386674.2607071,1589386674.362925,0.0
1589386674.4945762,1589386674.590996,1.1,1589386674.605005,1589386674.702938,0.1
1589386675.048293,1589386675.143523,1.1,1589386675.1591911,1589386675.259118,1.1
1589386675.3852632,1589386675.484818,0.1,1589386675.496195,1589386675.589599,0.1
1589386675.748866,1589386675.844913,0.1,1589386675.852652,1589386675.853529,0.1
1589386676.060699,1589386676.155935,0.0,1589386676.163287,1589386676.1648908,0.0
1589386676.6112,1589386676.707571,0.0,1589386676.714943,1589386676.7150369,0.0
1589386676.931697,1589386677.0305321,1.1,1589386677.045363,1589386677.1362638,0.1
1589386677.276026,1589386677.374354,0.0,1589386677.381707,1589386677.483119,0.1
1589386677.6148741,1589386677.704179,1.1,1589386677.719533,1589386677.719538,1.0
1589386678.164481,1589386678.261322,1.1,1589386678.275732,1589386678.370031,1.1
1589386678.512083,1589386678.608852,0.0,1589386678.615938,1589386678.619095,0.0
1589386678.836194,1589386678.935235,0.1,1589386678.9464478,1589386679.040583,0.1
1589386679.1768289,1589386679.2754948,0.0,1589386679.282416,1589386679.383541,0.0
1589386679.724926,1589386679.8215208,1.0,1589386679.832834,1589386679.929364,1.0
1589386680.0694761,1589386680.164802,1.1,1589386680.1800058,1589386680.272864,1.1
1589386680.411765,1589386680.517084,0.1,1589386680.5278661,1589386680.6199849,0.1
1589386680.75355,1589386680.855263,1.0,1589386680.8665888,1589386680.961442,1.0
1589386681.307888,1589386681.406941,0.0,1589386681.413698,1589386681.511261,0.0
1589386681.650368,1589386681.7503748,1.0,1589386681.760899,1589386681.854254,1.0
1589386682.029032,1589386682.1261828,1.0,1589386682.1373608,1589386682.23202,1.0
1589386682.368045,1589386682.46072,1.1,1589386682.476128,1589386682.576149,1.1
1589386682.9175029,1589386683.017647,1.1,1589386683.0328581,1589386683.124616,1.1
1589386683.259861,1589386683.365623,1.0,1589386683.377217,1589386683.466611,0.0
1589386683.609196,1589386683.710665,0.0,1589386683.7171571,1589386683.818385,0.1
1589386683.946208,1589386684.0434382,0.1,1589386684.055063,1589386684.153295,0.1
1589386684.497213,1589386684.597899,1.1,1589386684.6133602,1589386684.702634,0.1
1589386684.844919,1589386684.937919,1.1,1589386684.952776,1589386685.050446,1.1
1589386685.185468,1589386685.280916,1.1,1589386685.295174,1589386685.3898509,1.1
1589386685.525538,1589386685.626715,0.1,1589386685.638007,1589386685.733608,0.1
1589386686.081173,1589386686.1814861,0.0,1589386686.18864,1589386686.29014,0.0
1589386686.416173,1589386686.5172539,1.0,1589386686.5275562,1589386686.620702,1.0
1589386686.756746,1589386686.861569,1.0,1589386686.8733099,1589386686.965905,1.0
1589386687.1034062,1589386687.203257,1.1,1589386687.2187562,1589386687.314068,1.1
1589386687.662372,1589386687.758966,0.1,1589386687.7707388,1589386687.870337,0.1
1589386687.9997592,1589386688.1018848,0.0,1589386688.108414,1589386688.205068,0.0
1589386688.34423,1589386688.443201,0.1,1589386688.454755,1589386688.550915,0.1
1589386688.684033,1589386688.7849548,1.0,1589386688.791463,1589386688.895805,1.1
1589386689.230273,1589386689.3316119,1.0,1589386689.342109,1589386689.4365902,1.0
1589386689.578348,1589386689.672883,1.1,1589386689.688235,1589386689.789054,1.1
1589386689.916054,1589386690.012747,0.1,1589386690.023961,1589386690.119875,0.1
1589386690.258701,1589386690.351569,1.1,1589386690.366441,1589386690.465285,1.1
1589386690.816206,1589386690.91341,0.1,1589386690.924522,1589386691.023444,0.1
1589386691.163081,1589386691.2671008,0.0,1589386691.274015,1589386691.368154,0.0
1589386691.512307,1589386691.6120121,1.1,1589386691.626553,1589386691.7188458,1.1
1589386691.8568552,1589386691.857274,0.1,1589386691.864428,1589386691.961542,0.1
1589386692.302732,1589386692.401234,1.1,1589386692.416262,1589386692.510368,1.1
1589386692.6483479,1589386692.751458,0.0,1589386692.758362,1589386692.855569,1.1
1589386692.99293,1589386693.084088,0.0,1589386693.091122,1589386693.095722,0.0
1589386693.305055,1589386693.405963,0.0,1589386693.41242,1589386693.512198,0.1
1589386888.1493728,1589386888.250762,0.1,1589386888.261649,1589386888.353502,0.1
1589386888.492445,1589386888.595396,1.1,1589386888.610804,1589386888.69613,1.1
1589386888.883074,1589386888.981382,1.1,1589386888.996486,1589386889.087206,1.0
1589386889.3788779,1589386889.481877,0.0,1589386889.5008168,1589386889.58291,0.0
1589386890.028755,1589386890.1289139,1.0,1589386890.136977,1589386890.237298,1.0
1589386890.413461,1589386890.512125,0.1,1589386890.523911,1589386890.625691,0.1
1589386890.752772,1589386890.848566,0.0,1589386890.854303,1589386890.85553,0.0
1589386891.074869,1589386891.1745112,1.1,1589386891.1902761,1589386891.279618,1.1
1589386891.652821,1589386891.753524,0.1,1589386891.7652678,1589386891.8618839,0.1
1589386891.9883788,1589386892.092088,0.1,1589386892.103704,1589386892.196862,0.1
1589386892.341713,1589386892.438354,1.1,1589386892.454278,1589386892.546907,1.1
1589386892.712779,1589386892.807901,0.1,1589386892.819555,1589386892.819674,0.1
1589386893.2843142,1589386893.385368,0.1,1589386893.397687,1589386893.494756,0.1
1589386893.661571,1589386893.662931,0.0,1589386893.666312,1589386893.767637,0.0
1589386893.97984,1589386894.081275,1.1,1589386894.097353,1589386894.186172,0.1
1589386894.34891,1589386894.445641,1.1,1589386894.461596,1589386894.557277,1.1
1589386894.95946,1589386895.058902,0.0,1589386895.0661771,1589386895.166732,0.0
1589386895.375273,1589386895.456165,0.1,1589386895.463885,1589386895.4820778,0.0
1589386895.713502,1589386895.8129358,1.1,1589386895.8274791,1589386895.924191,1.1
1589386896.083627,1589386896.181741,0.0,1589386896.187988,1589386896.290431,1.1
1589386896.695934,1589386896.794301,1.0,1589386896.805542,1589386896.899575,1.0
1589386897.068005,1589386897.160537,0.0,1589386897.167382,1589386897.1722162,0.0
1589386897.3886871,1589386897.489343,0.0,1589386897.497477,1589386897.5960581,0.0
1589386897.764927,1589386897.862968,1.0,1589386897.875597,1589386897.969558,1.0
1589386898.323201,1589386898.422674,1.1,1589386898.438368,1589386898.5314612,1.1
1589386898.670897,1589386898.768588,1.0,1589386898.7805781,1589386898.8796968,1.0
1589386899.018889,1589386899.114332,1.1,1589386899.128974,1589386899.223426,1.1
1589386899.3608131,1589386899.457809,1.1,1589386899.472954,1589386899.564227,1.0
1589386899.9392269,1589386900.03884,1.0,1589386900.0500212,1589386900.1453152,1.0
1589386900.329076,1589386900.333875,1.1,1589386900.347466,1589386900.436696,1.1
1589386900.59649,1589386900.6899562,1.1,1589386900.705159,1589386900.804559,1.1
1589386900.952992,1589386901.053684,0.1,1589386901.064121,1589386901.158643,0.1
1589386901.5165691,1589386901.617613,1.1,1589386901.632328,1589386901.722181,1.1
1589386902.092233,1589386902.192637,1.1,1589386902.207425,1589386902.297169,1.1
1589386902.437067,1589386902.540221,1.1,1589386902.554796,1589386902.644536,0.0
1589386903.007597,1589386903.109182,1.0,1589386903.120503,1589386903.2137291,1.1
1589386903.3519979,1589386903.454088,0.1,1589386903.4654799,1589386903.562918,0.0
1589386903.700581,1589386903.801981,1.1,1589386903.8170729,1589386903.912918,1.1
1589386904.063468,1589386904.166016,1.0,1589386904.177135,1589386904.271137,1.0
1589386904.6513438,1589386904.746815,1.0,1589386904.758296,1589386904.8560839,1.0
1589386904.987648,1589386905.0897,0.0,1589386905.0963242,1589386905.192957,0.0
1589386905.3398778,1589386905.439317,1.0,1589386905.4505181,1589386905.544692,1.0
1589386905.679206,1589386905.781516,1.1,1589386905.795786,1589386905.886324,1.1
1589386906.236817,1589386906.338402,1.0,1589386906.349757,1589386906.4479501,1.0
1589386906.5842519,1589386906.682703,0.0,1589386906.68963,1589386906.788707,0.0
1589386906.924045,1589386907.026811,0.1,1589386907.038121,1589386907.128047,0.1
1589386907.271914,1589386907.369706,0.1,1589386907.381888,1589386907.479519,1.0
1589386907.828044,1589386907.927805,0.0,1589386907.935246,1589386908.036177,0.0
1589386908.1952739,1589386908.2960289,0.0,1589386908.3022022,1589386908.400146,0.0
1589386908.550974,1589386908.648822,1.1,1589386908.66431,1589386908.756151,1.1
1589386908.898394,1589386908.996377,1.1,1589386909.010228,1589386909.1066282,1.0
1589386909.456338,1589386909.555068,0.1,1589386909.566734,1589386909.664315,1.0
1589386909.80242,1589386909.898224,0.1,1589386909.909361,1589386910.010591,0.1
1589386910.141814,1589386910.244971,0.1,1589386910.256598,1589386910.347594,0.1
1589386910.487493,1589386910.591109,0.1,1589386910.602174,1589386910.6954849,0.1
1589386911.054462,1589386911.154401,1.1,1589386911.1685052,1589386911.259257,0.0
1589386911.410471,1589386911.506363,1.0,1589386911.516599,1589386911.61488,0.1
1589386911.760635,1589386911.850823,1.0,1589386911.861792,1589386911.863155,1.0
1589386912.102763,1589386912.19791,1.0,1589386912.2082508,1589386912.308801,1.0
1589386912.679106,1589386912.7752,0.1,1589386912.786228,1589386912.883025,0.1
1589386913.041286,1589386913.1338382,0.0,1589386913.140796,1589386913.145965,0.0
1589386913.3802948,1589386913.477631,0.1,1589386913.4897559,1589386913.5879738,1.0
1589386913.730288,1589386913.828842,0.1,1589386913.839238,1589386913.934284,1.1
1589386914.2909498,1589386914.39243,0.1,1589386914.405717,1589386914.4966779,0.1
1589386914.6414971,1589386914.743624,0.0,1589386914.750744,1589386914.846307,0.0
1589386914.9977899,1589386915.0921311,0.1,1589386915.102591,1589386915.103601,0.0
1589386915.318673,1589386915.421505,1.0,1589386915.4326131,1589386915.523755,1.1
1589386915.869316,1589386915.969842,0.0,1589386915.976789,1589386916.075478,0.1
1589386916.206557,1589386916.307903,0.0,1589386916.31336,1589386916.410898,0.1
1589386916.54397,1589386916.642208,0.1,1589386916.652389,1589386916.750775,1.0
1589386916.8821561,1589386916.983615,1.0,1589386916.993763,1589386917.091126,1.0
1589386917.4354072,1589386917.53365,0.0,1589386917.540419,1589386917.6398458,0.0
1589386917.7784488,1589386917.8794,0.1,1589386917.8904881,1589386917.984962,0.1
1589386918.131337,1589386918.2291892,1.0,1589386918.240461,1589386918.335528,1.0
1589386918.469138,1589386918.57094,0.0,1589386918.579044,1589386918.677849,0.0
1589386959.8805702,1589386959.978823,1.0,1589386959.990175,1589386960.089699,1.1
1589386960.221356,1589386960.32394,1.1,1589386960.339039,1589386960.429514,1.1
1589386960.568604,1589386960.664991,0.1,1589386960.676646,1589386960.77262,0.1
1589386960.908639,1589386961.011103,1.1,1589386961.0264242,1589386961.1167989,1.1
1589386961.465055,1589386961.565917,1.0,1589386961.576396,1589386961.669261,1.0
1589386961.806686,1589386961.906003,0.1,1589386961.917554,1589386962.011174,0.1
1589386962.149937,1589386962.1501381,0.1,1589386962.157404,1589386962.25223,0.1
1589386962.3785338,1589386962.477539,1.1,1589386962.4938262,1589386962.5854,1.1
1589386962.929745,1589386963.030299,1.1,1589386963.045383,1589386963.138113,1.1
1589386963.275489,1589386963.371794,0.1,1589386963.383102,1589386963.4834921,0.0
1589386963.613729,1589386963.709203,0.1,1589386963.7207758,1589386963.816782,0.1
1589386963.950429,1589386964.052937,0.1,1589386964.064802,1589386964.160308,0.1
1589386964.50449,1589386964.605014,1.1,1589386964.619998,1589386964.709595,0.1
1589386964.851997,1589386964.948878,0.1,1589386964.958081,1589386965.0601118,0.1
1589386965.2256021,1589386965.322094,1.1,1589386965.337926,1589386965.4491892,1.1
1589386965.725107,1589386965.82926,0.0,1589386965.834242,1589386965.9336839,0.0
1589386966.3478699,1589386966.444353,1.0,1589386966.45436,1589386966.553733,1.0
1589386966.684339,1589386966.779551,0.1,1589386966.792395,1589386966.8932412,0.0
1589386967.0254972,1589386967.120267,0.1,1589386967.132384,1589386967.22977,0.1
1589386967.3613389,1589386967.458504,0.1,1589386967.4702752,1589386967.571959,0.1
1589386967.911398,1589386968.007342,1.0,1589386968.0187619,1589386968.11848,1.0
1589386968.274455,1589386968.280674,0.1,1589386968.286914,1589386968.3788228,0.1
1589386968.5151591,1589386968.616509,0.0,1589386968.622964,1589386968.719635,0.0
1589386968.8570151,1589386968.958839,0.1,1589386968.969433,1589386969.065214,0.1
1589386969.418973,1589386969.517906,1.1,1589386969.532491,1589386969.623772,1.1
1589386969.763832,1589386969.864427,0.1,1589386969.875757,1589386969.969877,1.1
1589386970.1039329,1589386970.207278,1.1,1589386970.222741,1589386970.312682,1.1
1589386970.4547882,1589386970.550648,0.0,1589386970.558049,1589386970.661141,0.0
1589386971.000512,1589386971.100746,1.1,1589386971.1158102,1589386971.210547,1.1
1589386971.35842,1589386971.462997,1.0,1589386971.476306,1589386971.564938,1.0
1589386971.704341,1589386971.804665,0.1,1589386971.8159301,1589386971.909494,0.0
1589386972.0471869,1589386972.1462998,1.1,1589386972.161334,1589386972.255625,1.1
1589386972.660038,1589386972.669843,1.0,1589386972.676115,1589386972.764565,1.0
1589386972.897682,1589386972.99437,0.1,1589386973.005929,1589386973.106381,0.1
1589386973.243289,1589386973.3351932,1.0,1589386973.346266,1589386973.346621,1.0
1589386973.560778,1589386973.661749,1.1,1589386973.6760151,1589386973.766695,1.1
1589386974.125664,1589386974.226306,0.0,1589386974.23279,1589386974.330351,0.1
1589386974.4642718,1589386974.566456,1.1,1589386974.5809422,1589386974.668886,0.0
1589386974.8097122,1589386974.811212,0.0,1589386974.8145301,1589386974.917127,0.0
1589386975.028276,1589386975.1321568,1.0,1589386975.143747,1589386975.235296,1.0
1589386975.580925,1589386975.6766562,0.1,1589386975.6870568,1589386975.785674,0.1
1589386975.9959419,1589386976.095166,1.1,1589386976.110759,1589386976.2000582,1.1
1589386976.342069,1589386976.441521,0.1,1589386976.453156,1589386976.5504,0.1
1589386976.6919732,1589386976.788288,0.0,1589386976.795039,1589386976.900037,0.0
1589386977.2355578,1589386977.3372748,1.0,1589386977.3483589,1589386977.441039,1.0
1589386977.573859,1589386977.670107,1.0,1589386977.680894,1589386977.783193,1.0
1589386977.909942,1589386978.008032,1.1,1589386978.023073,1589386978.113445,1.1
1589386978.25399,1589386978.351731,0.0,1589386978.359275,1589386978.464609,0.0
1589386978.799374,1589386978.9011881,0.0,1589386978.908224,1589386979.004284,0.0
1589386979.136534,1589386979.237497,0.0,1589386979.243855,1589386979.3427851,0.0
1589386979.4694889,1589386979.5662148,1.1,1589386979.581635,1589386979.6738439,1.1
1589386979.810944,1589386979.909062,1.1,1589386979.924171,1589386980.015733,1.1
1589386980.3907368,1589386980.487745,0.0,1589386980.494981,1589386980.5991669,0.0
1589386980.725031,1589386980.830614,0.1,1589386980.8416939,1589386980.93199,0.0
1589386981.070484,1589386981.164809,0.0,1589386981.171885,1589386981.177278,0.0
1589386981.386627,1589386981.4850361,0.0,1589386981.492773,1589386981.5959392,0.1
1589386981.932352,1589386982.033578,1.0,1589386982.044693,1589386982.143223,1.0
1589386982.288617,1589386982.385304,0.0,1589386982.3927412,1589386982.493132,0.0
1589386982.6354492,1589386982.7322419,1.1,1589386982.7470562,1589386982.838866,1.1
1589386982.9728792,1589386983.074975,1.1,1589386983.090007,1589386983.1800761,1.1
1589386983.524771,1589386983.626626,1.1,1589386983.6415071,1589386983.728456,1.1
1589386983.877526,1589386983.972608,0.0,1589386983.978698,1589386983.982524,0.0
1589386984.188776,1589386984.290465,1.1,1589386984.304715,1589386984.394163,1.1
1589386984.529356,1589386984.6304488,1.0,1589386984.64162,1589386984.736782,1.0
1589386985.091038,1589386985.191327,0.0,1589386985.198807,1589386985.299381,0.0
1589386985.427766,1589386985.526455,1.1,1589386985.541312,1589386985.634582,1.1
1589386985.77041,1589386985.868237,1.1,1589386985.882671,1589386985.978389,1.1
1589386986.113621,1589386986.2179031,0.1,1589386986.2276921,1589386986.319515,0.1
1589386986.6811829,1589386986.776492,1.0,1589386986.788446,1589386986.8887749,1.0
1589386987.0166001,1589386987.1136682,1.1,1589386987.1292071,1589386987.223872,1.1
1589386987.409367,1589386987.507169,1.0,1589386987.5186791,1589386987.6146119,1.0
1589386987.769461,1589386987.868852,1.0,1589386987.879498,1589386987.9767702,1.0
1589386988.33602,1589386988.4377222,1.0,1589386988.4494731,1589386988.543944,1.0
1589386988.689555,1589386988.786176,0.1,1589386988.797376,1589386988.8938172,0.1
1589386989.030735,1589386989.132127,1.0,1589386989.1440341,1589386989.240947,1.0
1589386989.3739479,1589386989.474648,1.0,1589386989.485516,1589386989.5832908,1.1
1589387248.433006,1589387248.5345962,0.0,1589387248.541595,1589387248.636547,0.0
1589387248.771144,1589387248.876904,1.0,1589387248.888302,1589387248.979116,1.0
1589387249.120362,1589387249.216249,1.0,1589387249.2273579,1589387249.3263402,1.0
1589387249.463497,1589387249.560952,1.0,1589387249.570606,1589387249.673623,1.0
1589387249.845997,1589387249.9462662,0.1,1589387249.9581351,1589387250.053926,0.1
1589387250.18946,1589387250.291532,1.0,1589387250.30204,1589387250.394392,1.0
1589387250.531265,1589387250.633187,0.0,1589387250.6399739,1589387250.741876,0.1
1589387250.869405,1589387250.966824,1.1,1589387250.982317,1589387251.074323,1.1
1589387251.249152,1589387251.3415911,0.0,1589387251.348525,1589387251.3540401,0.0
1589387251.568605,1589387251.667739,0.1,1589387251.679412,1589387251.776594,0.1
1589387251.912661,1589387252.015439,1.0,1589387252.026891,1589387252.1184158,1.0
1589387252.260118,1589387252.355544,1.1,1589387252.366729,1589387252.4699671,1.1
1589387252.658761,1589387252.756707,0.1,1589387252.767796,1589387252.8655412,0.1
1589387253.001102,1589387253.100139,1.0,1589387253.111537,1589387253.205621,1.0
1589387253.3455622,1589387253.4432142,0.0,1589387253.449847,1589387253.549213,0.0
1589387253.678643,1589387253.778975,1.1,1589387253.793982,1589387253.886501,1.1
1589387254.0590148,1589387254.160393,1.0,1589387254.1714702,1589387254.2687669,1.0
1589387254.410597,1589387254.511477,0.1,1589387254.521869,1589387254.614659,0.1
1589387254.75244,1589387254.854771,0.0,1589387254.862258,1589387254.95705,0.0
1589387255.102605,1589387255.199741,1.1,1589387255.214306,1589387255.306446,1.1
1589387255.491199,1589387255.5852349,1.1,1589387255.600245,1589387255.6980639,1.1
1589387255.835745,1589387255.9367528,0.0,1589387255.943896,1589387256.041476,1.1
1589387256.184389,1589387256.285136,0.0,1589387256.291708,1589387256.388484,0.1
1589387256.531123,1589387256.631244,0.1,1589387256.6425972,1589387256.7397141,0.1
1589387256.920613,1589387257.017041,1.0,1589387257.0288699,1589387257.123837,1.1
1589387257.257827,1589387257.3568509,1.0,1589387257.368203,1589387257.4634151,1.0
1589387257.600576,1589387257.6945658,1.1,1589387257.709451,1589387257.8113332,1.1
1589387257.9437199,1589387258.0384388,0.1,1589387258.049907,1589387258.14837,1.0
1589387258.314479,1589387258.416138,0.1,1589387258.4269178,1589387258.518911,0.0
1589387258.6538508,1589387258.751503,1.1,1589387258.766639,1589387258.85962,1.1
1589387259.0201752,1589387259.121944,1.1,1589387259.134602,1589387259.230607,1.0
1589387259.355545,1589387259.4545548,0.1,1589387259.465709,1589387259.559647,0.0
1589387259.738282,1589387259.834877,1.1,1589387259.850338,1589387259.945962,1.1
1589387260.0828469,1589387260.184851,1.1,1589387260.198955,1589387260.2876039,1.1
1589387260.4336388,1589387260.529592,1.1,1589387260.54486,1589387260.638388,1.0
1589387260.779999,1589387260.872603,0.0,1589387260.87841,1589387260.885087,0.0
1589387261.130204,1589387261.227078,1.0,1589387261.2383249,1589387261.335427,0.0
1589387261.4728,1589387261.5673668,0.1,1589387261.578898,1589387261.681419,0.1
1589387261.811473,1589387261.908051,0.0,1589387261.915573,1589387262.018454,0.0
1589387262.144927,1589387262.248967,1.1,1589387262.263417,1589387262.3496268,1.1
1589387262.526399,1589387262.625939,1.0,1589387262.637237,1589387262.7352068,1.0
1589387262.866103,1589387262.867006,1.0,1589387262.873667,1589387262.971294,1.0
1589387263.095329,1589387263.1993558,1.0,1589387263.210773,1589387263.30236,0.1
1589387263.442658,1589387263.54655,0.0,1589387263.553605,1589387263.65121,0.0
1589387263.818228,1589387263.912124,0.1,1589387263.9238982,1589387264.0228,0.1
1589387264.158088,1589387264.2475588,0.0,1589387264.254605,1589387264.260128,0.0
1589387264.474935,1589387264.57673,0.0,1589387264.583824,1589387264.6799092,0.0
1589387264.8139431,1589387264.912075,1.0,1589387264.923569,1589387265.022239,1.1
1589387265.195223,1589387265.1961138,0.1,1589387265.203659,1589387265.297933,0.1
1589387265.423985,1589387265.525708,0.1,1589387265.536569,1589387265.633323,0.1
1589387265.772724,1589387265.8606038,0.0,1589387265.8677928,1589387265.879646,0.0
1589387266.088692,1589387266.1879082,0.0,1589387266.1952891,1589387266.300239,0.0
1589387266.471126,1589387266.5700212,1.1,1589387266.584904,1589387266.676267,0.0
1589387266.8123882,1589387266.915694,1.0,1589387266.9267719,1589387267.016623,1.0
1589387267.153182,1589387267.252413,1.1,1589387267.266651,1589387267.357414,1.1
1589387267.4954638,1589387267.5968661,0.0,1589387267.603518,1589387267.703119,0.1
1589387267.868553,1589387267.9627771,1.1,1589387267.978154,1589387268.072789,1.1
1589387268.2070642,1589387268.3037,0.0,1589387268.311581,1589387268.412213,0.1
1589387268.5480902,1589387268.644864,0.1,1589387268.656697,1589387268.752107,0.1
1589387268.884126,1589387268.88498,1.1,1589387268.894336,1589387268.989902,1.1
1589387269.151445,1589387269.245559,1.0,1589387269.256688,1589387269.257227,1.0
1589387269.472419,1589387269.4774358,1.1,1589387269.486752,1589387269.575638,1.1
1589387269.7113652,1589387269.808185,1.0,1589387269.819711,1589387269.9157739,1.1
1589387270.055522,1589387270.151246,1.1,1589387270.164992,1589387270.259736,1.1
1589387270.439626,1589387270.5367832,1.1,1589387270.552713,1589387270.6433039,1.1
1589387270.781033,1589387270.882705,0.0,1589387270.889981,1589387270.9896991,0.0
1589387271.124181,1589387271.22454,0.0,1589387271.231423,1589387271.3339698,0.0
1589387271.463922,1589387271.557627,0.1,1589387271.5690591,1589387271.669034,0.1
1589387271.831213,1589387271.9329028,1.1,1589387271.948621,1589387272.036414,1.1
1589387272.1747,1589387272.276633,0.0,1589387272.282507,1589387272.384429,0.0
1589387272.516386,1589387272.617111,0.1,1589387272.627681,1589387272.721828,0.0
1589387272.854239,1589387272.957116,1.1,1589387272.972394,1589387273.059843,1.1
1589387273.230783,1589387273.332366,1.1,1589387273.347817,1589387273.438261,1.1
1589387273.5780768,1589387273.674665,0.1,1589387273.686254,1589387273.781109,0.1
1589387273.914369,1589387274.017139,0.1,1589387274.028787,1589387274.120613,0.1
1589387274.258406,1589387274.261177,1.1,1589387274.2702222,1589387274.3643498,1.1
1589387301.536587,1589387301.640179,0.1,1589387301.650561,1589387301.743542,0.1
1589387301.8998132,1589387301.996047,0.1,1589387302.00444,1589387302.10544,0.1
1589387302.25088,1589387302.347938,0.1,1589387302.3597271,1589387302.457033,0.1
1589387302.589785,1589387302.685316,1.1,1589387302.6998389,1589387302.7989151,0.1
1589387302.963941,1589387303.064686,0.1,1589387303.074603,1589387303.168511,0.1
1589387303.3061361,1589387303.408625,1.0,1589387303.420078,1589387303.513057,1.0
1589387303.65746,1589387303.7566981,1.0,1589387303.768356,1589387303.861971,1.0
1589387304.005746,1589387304.1042821,0.0,1589387304.1113741,1589387304.211713,0.0
1589387304.3820102,1589387304.4809191,0.0,1589387304.4878552,1589387304.5856059,0.0
1589387304.731413,1589387304.7318149,0.1,1589387304.739174,1589387304.834635,0.1
1589387304.9658408,1589387305.057536,0.1,1589387305.0638452,1589387305.06979,0.1
1589387305.277971,1589387305.278692,0.0,1589387305.282829,1589387305.384945,0.0
1589387305.539948,1589387305.638022,1.0,1589387305.6498291,1589387305.744179,1.0
1589387305.881553,1589387305.979649,1.1,1589387305.994427,1589387306.0858638,1.1
1589387306.22141,1589387306.320002,0.1,1589387306.331288,1589387306.427286,0.1
1589387306.5625448,1589387306.660631,1.1,1589387306.675817,1589387306.7702432,1.1
1589387306.9421709,1589387307.043844,0.1,1589387307.05543,1589387307.149132,0.1
1589387307.289288,1589387307.3906791,1.0,1589387307.4014778,1589387307.493525,1.1
1589387307.633636,1589387307.7305431,1.1,1589387307.745475,1589387307.83676,0.0
1589387307.9763782,1589387308.0750751,0.1,1589387308.086335,1589387308.18006,0.1
1589387308.351736,1589387308.451804,0.0,1589387308.458973,1589387308.556423,0.0
1589387308.689396,1589387308.792147,1.1,1589387308.807084,1589387308.899269,1.1
1589387309.0380979,1589387309.136151,1.0,1589387309.148145,1589387309.241753,1.1
1589387309.378537,1589387309.475591,1.1,1589387309.4904199,1589387309.58229,1.1
1589387309.7562518,1589387309.8581738,0.0,1589387309.8651578,1589387309.9655292,0.1
1589387310.0952451,1589387310.192109,0.1,1589387310.203609,1589387310.3051012,0.0
1589387310.435325,1589387310.534625,0.0,1589387310.542,1589387310.639866,0.1
1589387310.826764,1589387310.8275,1.0,1589387310.834435,1589387310.9303622,1.0
1589387311.0919611,1589387311.192109,1.0,1589387311.203249,1589387311.298649,0.0
1589387311.432728,1589387311.529393,0.0,1589387311.537125,1589387311.6401548,0.0
1589387311.769922,1589387311.866907,1.1,1589387311.877179,1589387311.978132,1.1
1589387312.101131,1589387312.207075,0.0,1589387312.214049,1589387312.312644,0.0
1589387312.479533,1589387312.575358,0.1,1589387312.586996,1589387312.6904,0.1
1589387312.8144178,1589387312.9203641,1.1,1589387312.9356658,1589387313.023778,1.1
1589387313.169352,1589387313.269377,0.0,1589387313.2764978,1589387313.378325,0.0
1589387313.508039,1589387313.598887,0.1,1589387313.610163,1589387313.611607,0.0
1589387313.867187,1589387313.968936,0.1,1589387313.98019,1589387314.073211,0.1
1589387314.212409,1589387314.315292,0.0,1589387314.322288,1589387314.416971,0.0
1589387314.55331,1589387314.654015,0.0,1589387314.6593778,1589387314.7606568,0.0
1589387314.8864808,1589387314.987774,0.0,1589387314.994713,1589387315.0900428,0.0
1589387315.262347,1589387315.366265,1.1,1589387315.381611,1589387315.4677398,1.1
1589387315.611309,1589387315.707387,1.1,1589387315.7220008,1589387315.816318,1.1
1589387315.9487228,1589387316.0512588,1.1,1589387316.06613,1589387316.1529112,1.1
1589387316.298613,1589387316.3972092,1.0,1589387316.408371,1589387316.505547,0.1
1589387316.694898,1589387316.792363,0.0,1589387316.797298,1589387316.898288,1.0
1589387317.0354161,1589387317.135299,1.0,1589387317.1467168,1589387317.241621,1.0
1589387317.37812,1589387317.479677,0.0,1589387317.4869251,1589387317.5833158,0.1
1589387317.7182841,1589387317.8194182,1.1,1589387317.833194,1589387317.9228008,1.1
1589387318.099523,1589387318.199061,0.1,1589387318.210101,1589387318.308482,0.1
1589387318.438675,1589387318.534871,1.1,1589387318.5511549,1589387318.646353,1.1
1589387318.77807,1589387318.780879,1.1,1589387318.790302,1589387318.880586,1.1
1589387319.014459,1589387319.107371,1.0,1589387319.119415,1589387319.119723,1.0
1589387319.376713,1589387319.4775958,0.1,1589387319.4883862,1589387319.58378,0.1
1589387319.718148,1589387319.816468,0.0,1589387319.8234692,1589387319.922594,0.0
1589387320.06001,1589387320.151562,1.1,1589387320.164855,1589387320.2646358,1.1
1589387320.398206,1589387320.487783,1.0,1589387320.498836,1589387320.5001442,1.0
1589387320.7555552,1589387320.85315,1.1,1589387320.8680131,1589387320.961611,1.0
1589387321.097512,1589387321.1996832,0.1,1589387321.211262,1589387321.3066921,0.1
1589387321.441356,1589387321.538282,0.1,1589387321.550634,1589387321.646903,0.0
1589387321.77869,1589387321.8853672,0.0,1589387321.892745,1589387321.986586,0.0
1589387322.1577978,1589387322.257569,1.1,1589387322.272341,1589387322.362437,1.1
1589387322.505142,1589387322.604936,1.1,1589387322.619382,1589387322.709746,1.0
1589387322.850293,1589387322.950331,1.0,1589387322.961924,1589387323.056912,1.0
1589387323.2080488,1589387323.301431,0.0,1589387323.308388,1589387323.313579,0.0
1589387323.570941,1589387323.672749,0.1,1589387323.683925,1589387323.7779012,0.1
1589387323.917593,1589387324.0145972,0.1,1589387324.026043,1589387324.120808,0.1
1589387324.2647622,1589387324.3602402,1.1,1589387324.375104,1589387324.473124,1.1
1589387324.632977,1589387324.7266629,1.1,1589387324.7401989,1589387324.8444438,1.1
1589387325.0063481,1589387325.107858,0.0,1589387325.114847,1589387325.209812,0.0
1589387325.345257,1589387325.443438,0.0,1589387325.4503849,1589387325.5497952,0.0
1589387325.685487,1589387325.786525,0.0,1589387325.792393,1589387325.8931189,0.0
1589387326.0229068,1589387326.115147,0.1,1589387326.126647,1589387326.1268291,0.1
1589387326.379478,1589387326.481316,0.1,1589387326.492279,1589387326.584178,0.0
1589387326.726113,1589387326.820485,0.0,1589387326.827654,1589387326.828479,0.0
1589387327.054731,1589387327.1558442,0.0,1589387327.163156,1589387327.260511,0.0
1589387327.395765,1589387327.4896,0.1,1589387327.4999099,1589387327.5011551,0.1
1589394757.093225,1589394757.189556,0.0,1589394757.194355,1589394757.195554,0.0
1589394757.426211,1589394757.5264142,0.0,1589394757.5335848,1589394757.6309361,1.1
1589394757.769599,1589394757.8691049,0.0,1589394757.876499,1589394757.9743302,0.0
1589394758.1135008,1589394758.2106812,0.1,1589394758.221928,1589394758.319369,0.1
1589394758.497808,1589394758.597934,0.1,1589394758.609299,1589394758.707391,0.0
1589394758.841175,1589394758.94437,0.1,1589394758.955792,1589394759.045693,0.1
1589394759.1892538,1589394759.2930272,0.0,1589394759.299891,1589394759.396611,1.0
1589394759.531105,1589394759.6304152,1.0,1589394759.6417139,1589394759.736842,1.0
1589394759.92402,1589394760.025355,0.1,1589394760.03614,1589394760.132587,0.1
1589394760.272915,1589394760.372427,0.1,1589394760.383703,1589394760.477437,0.1
1589394760.611843,1589394760.71399,0.1,1589394760.725214,1589394760.816195,1.1
1589394760.955638,1589394761.052207,0.0,1589394761.059214,1589394761.0597508,0.1
1589394761.323057,1589394761.428127,0.0,1589394761.435047,1589394761.528681,0.0
1589394761.667499,1589394761.763285,0.0,1589394761.7708852,1589394761.871837,0.0
1589394762.003736,1589394762.102707,1.0,1589394762.1131158,1589394762.210768,1.1
1589394762.347538,1589394762.4437919,1.1,1589394762.4587278,1589394762.551032,1.1
1589394762.727427,1589394762.8293068,0.0,1589394762.836491,1589394762.934012,0.0
1589394763.0692701,1589394763.166131,0.0,1589394763.173331,1589394763.274406,0.0
1589394763.406415,1589394763.5081758,0.1,1589394763.519279,1589394763.611619,0.0
1589394763.751945,1589394763.8562171,0.1,1589394763.8672209,1589394763.959296,0.1
1589394764.130829,1589394764.232801,0.1,1589394764.243828,1589394764.338669,0.1
1589394764.473224,1589394764.573885,1.1,1589394764.588327,1589394764.67697,1.1
1589394764.826726,1589394764.921299,1.1,1589394764.933228,1589394765.0348449,1.1
1589394765.16567,1589394765.255989,1.0,1589394765.265656,1589394765.2685819,1.1
1589394765.524487,1589394765.6261601,1.0,1589394765.636916,1589394765.732544,1.0
1589394765.870347,1589394765.972331,0.0,1589394765.9794922,1589394766.078069,0.0
1589394766.216678,1589394766.310831,1.0,1589394766.322436,1589394766.420732,1.0
1589394766.549672,1589394766.645677,0.0,1589394766.652693,1589394766.65573,1.0
1589394766.9099038,1589394767.006531,1.0,1589394767.01783,1589394767.114291,1.0
1589394767.252893,1589394767.3518,0.1,1589394767.362984,1589394767.45647,0.1
1589394767.5901382,1589394767.684077,0.1,1589394767.695513,1589394767.6971169,0.1
1589394767.909348,1589394768.011113,1.0,1589394768.0221162,1589394768.112986,1.0
1589394768.290508,1589394768.3891358,0.0,1589394768.3959832,1589394768.4942,0.0
1589394768.6290529,1589394768.720122,0.1,1589394768.731297,1589394768.731988,0.1
1589394768.9481459,1589394769.050077,1.1,1589394769.064094,1589394769.154521,1.0
1589394769.296373,1589394769.399863,1.0,1589394769.411159,1589394769.500549,1.0
1589394769.6698308,1589394769.7695308,0.0,1589394769.77506,1589394769.873843,0.0
1589394770.004858,1589394770.008091,0.0,1589394770.011439,1589394770.112052,0.0
1589394770.235359,1589394770.340168,1.0,1589394770.349151,1589394770.4412212,1.0
1589394770.574976,1589394770.6726558,1.1,1589394770.6875231,1589394770.782264,0.0
1589394770.9534988,1589394771.052224,0.1,1589394771.0636108,1589394771.1572638,0.1
1589394771.29476,1589394771.39248,1.1,1589394771.403363,1589394771.497851,1.1
1589394771.685775,1589394771.7870998,0.1,1589394771.797942,1589394771.894829,0.1
1589394772.022538,1589394772.1185331,1.1,1589394772.133951,1589394772.22643,1.1
1589394772.401324,1589394772.500919,0.0,1589394772.508147,1589394772.610314,0.0
1589394772.7400498,1589394772.841223,0.1,1589394772.852732,1589394772.945353,0.1
1589394773.09093,1589394773.187424,0.0,1589394773.19417,1589394773.2942069,0.0
1589394773.432951,1589394773.4341471,1.1,1589394773.443192,1589394773.53895,1.1
1589394773.7011042,1589394773.798199,0.1,1589394773.808442,1589394773.908271,0.1
1589394774.0438972,1589394774.133708,0.1,1589394774.145056,1589394774.149909,0.1
1589394774.36064,1589394774.45839,0.0,1589394774.466049,1589394774.565922,0.0
1589394774.694756,1589394774.793992,0.1,1589394774.8052459,1589394774.8983622,0.1
1589394775.0679061,1589394775.172301,1.1,1589394775.1856809,1589394775.276851,1.1
1589394775.413377,1589394775.512406,0.1,1589394775.5224981,1589394775.619463,0.1
1589394775.752877,1589394775.850205,0.0,1589394775.857727,1589394775.959389,0.0
1589394776.088813,1589394776.187376,0.0,1589394776.1941912,1589394776.194457,0.0
1589394776.462934,1589394776.561687,1.1,1589394776.5764449,1589394776.669078,1.1
1589394776.806626,1589394776.902297,1.1,1589394776.9175029,1589394777.011756,0.1
1589394777.159206,1589394777.256028,1.0,1589394777.2651908,1589394777.363154,1.0
1589394777.5017421,1589394777.593565,1.0,1589394777.603296,1589394777.6060328,1.0
1589394777.871354,1589394777.9740071,0.1,1589394777.985111,1589394778.0781078,0.1
1589394778.215777,1589394778.313025,1.1,1589394778.3277671,1589394778.4231381,1.1
1589394778.5623412,1589394778.657202,1.1,1589394778.67224,1589394778.769393,1.1
1589394778.904056,1589394779.002471,0.0,1589394779.009961,1589394779.113863,0.0
1589394779.278508,1589394779.375529,1.0,1589394779.3864682,1589394779.4854772,0.1
1589394779.6212668,1589394779.719917,1.1,1589394779.735005,1589394779.826714,1.1
1589394779.970428,1589394780.0635421,0.1,1589394780.073659,1589394780.075026,0.1
1589394780.283989,1589394780.389504,1.0,1589394780.400995,1589394780.491204,1.0
1589394780.6620748,1589394780.762458,0.1,1589394780.773644,1589394780.8671172,0.1
1589394781.005283,1589394781.100062,1.1,1589394781.113905,1589394781.208858,1.1
1589394781.34207,1589394781.4416618,0.1,1589394781.4530509,1589394781.548239,1.0
1589394781.681826,1589394781.782625,1.0,1589394781.7937868,1589394781.8916821,1.0
1589394782.058499,1589394782.162923,1.1,1589394782.1780639,1589394782.2684858,1.1
1589394782.409224,1589394782.5035698,0.0,1589394782.510612,1589394782.516055,0.0
1589394782.7240589,1589394782.82068,1.1,1589394782.83564,1589394782.929172,1.1
1589394783.065533,1589394783.1626382,0.1,1589394783.174155,1589394783.273042,0.0
1589394783.444586,1589394783.543657,0.1,1589394783.555151,1589394783.651136,0.1
1589394783.784019,1589394783.879673,0.1,1589394783.890861,1589394783.992617,0.1
1589394784.120757,1589394784.221432,1.1,1589394784.2365508,1589394784.326087,1.1
1589394784.468286,1589394784.5632188,1.0,1589394784.5740879,1589394784.574947,1.0
1589394784.834574,1589394784.9330828,0.0,1589394784.940341,1589394784.940782,0.0
1589394785.153576,1589394785.2497401,1.1,1589394785.264601,1589394785.356638,0.1
1589394785.493533,1589394785.5937018,0.1,1589394785.6052852,1589394785.70028,0.1
1589394785.835883,1589394785.933078,1.0,1589394785.9442549,1589394786.0438242,1.0
1589394786.220557,1589394786.318576,0.1,1589394786.329909,1589394786.426632,0.1
1589394786.568205,1589394786.6698081,1.1,1589394786.685535,1589394786.7768278,1.1
1589394786.916259,1589394787.012291,1.1,1589394787.027584,1589394787.12491,1.1
1589394787.254378,1589394787.350563,1.0,1589394787.361999,1589394787.460136,1.0
1589394787.638883,1589394787.7354088,0.1,1589394787.7466471,1589394787.846923,0.1
1589394787.9825568,1589394788.080153,0.0,1589394788.0875452,1589394788.191993,0.0
1589394788.323262,1589394788.428482,1.1,1589394788.443029,1589394788.5302851,1.1
1589394788.670877,1589394788.771441,0.0,1589394788.7783282,1589394788.879061,0.0
1589394789.0481868,1589394789.1498828,0.0,1589394789.1569972,1589394789.252071,1.0
1589394789.388109,1589394789.487148,1.0,1589394789.499004,1589394789.593947,1.0
1589394789.730613,1589394789.825972,0.0,1589394789.8329768,1589394789.833217,0.0
1589394790.050291,1589394790.152134,0.1,1589394790.163201,1589394790.256008,0.1
1589394790.438609,1589394790.540359,1.0,1589394790.5508978,1589394790.643262,1.0
1589394790.782582,1589394790.8759239,0.0,1589394790.882936,1589394790.887711,0.0
1589394791.097654,1589394791.196139,1.1,1589394791.210102,1589394791.303945,0.1
1589394791.438518,1589394791.4411972,1.0,1589394791.4475038,1589394791.546229,1.0
1589394791.705029,1589394791.8042839,1.0,1589394791.815219,1589394791.912639,0.0
1589394792.0616372,1589394792.1624901,0.1,1589394792.1734989,1589394792.26797,0.1
1589394792.399596,1589394792.497798,1.1,1589394792.51194,1589394792.6028821,0.1
1589394792.741279,1589394792.839346,0.1,1589394792.8508632,1589394792.947634,0.1
1589394793.120231,1589394793.2232902,0.1,1589394793.234405,1589394793.327583,1.0
1589394793.471266,1589394793.564949,1.1,1589394793.578136,1589394793.678735,1.1
1589394793.8086028,1589394793.908559,1.0,1589394793.919677,1589394794.0167592,1.0
1589394794.14959,1589394794.246806,1.0,1589394794.253547,1589394794.2551072,1.0
1589394794.570441,1589394794.665893,0.1,1589394794.6774259,1589394794.777518,0.1
1589394794.9018629,1589394795.007415,1.1,1589394795.0216808,1589394795.109974,1.0
1589394795.2503848,1589394795.350563,1.0,1589394795.363096,1589394795.455178,1.0
1589394795.602227,1589394795.7007701,1.0,1589394795.7118669,1589394795.807001,1.1
1589394795.981982,1589394796.079882,0.1,1589394796.0912042,1589394796.187225,0.1
1589394796.3181992,1589394796.421174,1.0,1589394796.432807,1589394796.530616,1.0
1589394796.663989,1589394796.762959,1.0,1589394796.774252,1589394796.8712478,1.0
1589394797.007113,1589394797.103976,0.0,1589394797.109998,1589394797.112443,0.0
1589405080.700811,1589405080.7819278,0.0,1589405080.7935412,1589405080.804841,0.0
1589405081.2767239,1589405081.37609,1.1,1589405081.4001868,1589405081.495371,1.1
1589405081.930515,1589405082.0252001,0.0,1589405082.032178,1589405082.049481,0.0
1589405082.606845,1589405082.62365,0.0,1589405082.629631,1589405082.716629,0.0
1589405083.320896,1589405083.400535,1.0,1589405083.428096,1589405083.526593,1.0
1589405084.0886998,1589405084.108799,1.0,1589405084.1231658,1589405084.205227,1.1
1589405085.4417841,1589405085.4562728,1.1,1589405085.486822,1589405085.547883,1.1
1589405086.168789,1589405086.260749,1.1,1589405086.280855,1589405086.383563,1.0
1589422039.744446,1589422039.846088,1.0,1589422039.856585,1589422039.949302,1.0
1589422040.105956,1589422040.210512,1.1,1589422040.225168,1589422040.312674,1.1
1589422040.4618812,1589422040.559336,0.0,1589422040.567287,1589422040.5681229,0.1
1589422040.7797592,1589422040.8785028,0.1,1589422040.889587,1589422040.987804,0.1
1589422041.150918,1589422041.253571,1.0,1589422041.264194,1589422041.359582,1.0
1589422041.493909,1589422041.593483,0.0,1589422041.59997,1589422041.702453,1.1
1589422041.827976,1589422041.9284842,1.1,1589422041.9426649,1589422042.034343,1.0
1589422042.170078,1589422042.270899,0.0,1589422042.27856,1589422042.374548,0.0
1589422042.5465758,1589422042.645289,1.0,1589422042.6569548,1589422042.751147,1.0
1589422042.885827,1589422042.989588,1.1,1589422043.004544,1589422043.092181,1.1
1589422043.230832,1589422043.329762,1.1,1589422043.345124,1589422043.436991,1.1
1589422043.573042,1589422043.6720572,1.0,1589422043.684481,1589422043.780797,1.0
1589422043.951665,1589422044.052423,1.1,1589422044.0661561,1589422044.155949,1.0
1589422044.293996,1589422044.390635,0.1,1589422044.4017751,1589422044.5043972,0.1
1589422044.649334,1589422044.7430131,0.0,1589422044.7477498,1589422044.7523851,0.0
1589422044.972925,1589422045.074825,1.0,1589422045.083921,1589422045.178397,0.1
1589422045.3504288,1589422045.453846,0.0,1589422045.460906,1589422045.554721,0.0
1589422045.687617,1589422045.785619,1.1,1589422045.800797,1589422045.8934011,1.1
1589422046.029684,1589422046.1339,1.0,1589422046.1435342,1589422046.238934,1.0
1589422046.3749802,1589422046.4755042,0.0,1589422046.481739,1589422046.5831628,0.0
1589422046.889042,1589422046.989917,0.1,1589422047.00172,1589422047.152096,0.1
1589422047.359118,1589422047.363843,0.0,1589422047.367658,1589422047.464253,0.0
1589422047.60489,1589422047.7113972,0.0,1589422047.718528,1589422047.812426,0.0
1589422047.9636989,1589422048.0625632,0.1,1589422048.073102,1589422048.170507,0.1
1589422048.360857,1589422048.460969,1.0,1589422048.474515,1589422048.5707579,1.0
1589422048.8368242,1589422048.8376498,1.1,1589422048.8484638,1589422048.93992,1.1
1589422049.072672,1589422049.17033,1.1,1589422049.1853912,1589422049.277107,0.0
1589422049.433295,1589422049.53461,0.0,1589422049.543066,1589422049.644259,0.0
1589422050.167414,1589422050.254299,0.1,1589422050.273993,1589422050.275073,0.1
1589422050.98128,1589422051.063252,1.0,1589422051.084318,1589422051.086653,1.0
1589422051.673137,1589422051.7600188,0.1,1589422051.777741,1589422051.780285,0.1
1589422052.266798,1589422052.361881,1.1,1589422052.386233,1589422052.4811342,1.1
1589422053.180799,1589422053.258332,1.1,1589422053.283554,1589422053.28609,1.1
1589422053.84383,1589422053.935956,0.1,1589422053.953519,1589422054.054364,0.1
1589422054.526837,1589422054.619539,0.0,1589422054.6288881,1589422054.630955,0.0
1589422055.1370728,1589422055.229059,0.1,1589422055.246132,1589422055.348934,0.1
1589422055.861957,1589422055.951591,0.1,1589422055.9686568,1589422056.0705228,0.1
1589422056.4810398,1589422056.574941,0.1,1589422056.5913029,1589422056.6929479,0.1
1589422057.1032372,1589422057.1864178,0.0,1589422057.1955268,1589422057.2078521,0.0
1589422057.674281,1589422057.772942,0.0,1589422057.780708,1589422057.885231,0.0
1589422058.389972,1589422058.474684,0.0,1589422058.483736,1589422058.495029,1.1
1589422058.96471,1589422059.049611,1.0,1589422059.066815,1589422059.068871,1.0
1589422059.5478,1589422059.6391208,1.1,1589422059.663088,1589422059.754348,1.0
1589422060.173546,1589422060.2762802,0.1,1589422060.293134,1589422060.384598,0.1
1589422060.8972428,1589422060.9881542,0.1,1589422061.004021,1589422061.109747,0.1
1589422061.5329762,1589422061.623286,1.0,1589422061.6402519,1589422061.741089,1.0
1589422062.1759858,1589422062.253309,0.1,1589422062.2717981,1589422062.281129,0.1
1589422062.758204,1589422062.848851,0.0,1589422062.858803,1589422062.862633,0.1
1589422063.4695501,1589422063.5556219,1.0,1589422063.57285,1589422063.576513,1.1
1589422064.0692968,1589422064.1587882,0.0,1589422064.166262,1589422064.1753721,0.1
1589422064.387135,1589422064.483056,0.1,1589422064.494402,1589422064.5921059,0.1
1589422064.721293,1589422064.82228,1.0,1589422064.8328478,1589422064.929219,1.0
1589422065.113371,1589422065.196384,0.0,1589422065.2036061,1589422065.217643,0.0
1589422065.41873,1589422065.5160651,1.1,1589422065.531177,1589422065.62461,1.1
1589422065.760097,1589422065.860995,0.1,1589422065.871648,1589422065.966486,0.1
1589422066.099298,1589422066.198831,1.1,1589422066.214078,1589422066.30482,1.1
1589422066.4821172,1589422066.4843771,1.0,1589422066.4904919,1589422066.585397,1.1
1589422066.710388,1589422066.810789,1.0,1589422066.8218482,1589422066.9154088,1.0
1589422067.050406,1589422067.150503,1.1,1589422067.165141,1589422067.2572029,1.1
1589422067.667524,1589422067.752956,1.1,1589422067.7772539,1589422067.877461,1.1
1589422068.379265,1589422068.4706502,1.0,1589422068.487873,1589422068.590383,1.0
1589422069.0133069,1589422069.103235,0.1,1589422069.121176,1589422069.222126,0.0
1589422069.638895,1589422069.722267,1.0,1589422069.7389991,1589422069.74473,1.0
1589422070.228298,1589422070.327887,1.1,1589422070.3520892,1589422070.441183,1.1
1589422070.974129,1589422071.069356,1.1,1589422071.097397,1589422071.187679,1.1
1589422071.773144,1589422071.858237,1.0,1589422071.875047,1589422071.8793669,1.0
1589422072.482561,1589422072.5746229,1.0,1589422072.592396,1589422072.6922932,1.1
1589422073.125283,1589422073.211872,1.1,1589422073.236049,1589422073.336869,1.1
1589422073.852718,1589422073.935345,0.0,1589422073.944492,1589422073.959954,0.0
1589422074.467363,1589422074.546096,0.1,1589422074.5629299,1589422074.5764449,0.0
1589422075.0720901,1589422075.141132,0.1,1589422075.1608498,1589422075.177332,0.1
1589422075.643413,1589422075.7352781,0.1,1589422075.7517738,1589422075.851465,0.1
1589422076.358967,1589422076.45239,0.1,1589422076.4690251,1589422076.566103,0.1
1589422077.00564,1589422077.086987,0.1,1589422077.10389,1589422077.110186,0.1
1589422078.1835241,1589422078.2738292,0.1,1589422078.291075,1589422078.390986,0.1
1589467087.320052,1589467087.420495,0.1,1589467087.43084,1589467087.5262861,0.1
1589467087.667818,1589467087.7644732,0.1,1589467087.7760699,1589467087.872161,0.1
1589467088.0070798,1589467088.101579,1.1,1589467088.116738,1589467088.2121868,1.1
1589467088.34497,1589467088.4466681,1.0,1589467088.4579468,1589467088.553025,1.0
1589467088.728417,1589467088.825263,0.0,1589467088.833194,1589467088.9374468,0.0
1589467089.0667698,1589467089.169041,1.1,1589467089.183184,1589467089.270426,1.1
1589467089.4164631,1589467089.517343,1.1,1589467089.532066,1589467089.628319,1.1
1589467089.798121,1589467089.809022,0.1,1589467089.815779,1589467089.904918,0.1
1589467090.088269,1589467090.186731,1.0,1589467090.196924,1589467090.291841,1.0
1589467090.432857,1589467090.5329778,0.0,1589467090.540158,1589467090.638744,0.1
1589467090.7754261,1589467090.877381,1.0,1589467090.888118,1589467090.982157,1.0
1589467091.123664,1589467091.220366,1.1,1589467091.235583,1589467091.3324502,1.1
1589467091.5080268,1589467091.5995588,0.1,1589467091.611349,1589467091.712638,0.1
1589467091.842794,1589467091.944698,1.1,1589467091.959021,1589467092.050949,1.1
1589467092.193418,1589467092.2950568,0.0,1589467092.302059,1589467092.402036,0.1
1589467092.53481,1589467092.637117,0.1,1589467092.648514,1589467092.742805,0.1
1589467092.918682,1589467093.012181,0.1,1589467093.023177,1589467093.024308,0.1
1589467093.2466009,1589467093.348207,1.0,1589467093.359016,1589467093.451535,1.0
1589467093.587852,1589467093.6898198,0.0,1589467093.696759,1589467093.795511,0.0
1589467093.929583,1589467094.028946,0.0,1589467094.036354,1589467094.137811,0.0
1589467252.130304,1589467252.232447,1.0,1589467252.242957,1589467252.335388,1.0
1589467252.4798532,1589467252.574118,0.1,1589467252.5856378,1589467252.586068,0.1
1589467252.799704,1589467252.900295,1.1,1589467252.916783,1589467253.006162,1.0
1589467253.145408,1589467253.2449338,0.1,1589467253.2560692,1589467253.3501492,0.1
1589467253.525803,1589467253.624217,1.1,1589467253.638667,1589467253.7317271,1.0
1589467253.8680372,1589467253.965149,0.1,1589467253.976442,1589467254.075246,1.1
1589467254.2134469,1589467254.3135202,1.0,1589467254.3243608,1589467254.420628,1.0
1589467254.56015,1589467254.6605928,0.0,1589467254.667606,1589467254.7652779,0.0
1589467254.943744,1589467255.0443661,1.0,1589467255.0553951,1589467255.150076,1.0
1589467255.286487,1589467255.387221,0.1,1589467255.398367,1589467255.493257,0.1
1589467255.6322272,1589467255.732067,0.0,1589467255.73938,1589467255.838421,1.1
1589467255.974541,1589467256.071241,1.1,1589467256.086876,1589467256.180317,1.1
1589467256.354508,1589467256.457485,0.0,1589467256.464739,1589467256.558186,0.0
1589467256.6959639,1589467256.796611,0.1,1589467256.8049479,1589467256.902085,0.1
1589467257.07322,1589467257.1765,1.0,1589467257.1880362,1589467257.2804239,1.0
1589467257.4170601,1589467257.518186,0.0,1589467257.524798,1589467257.622478,0.0
1589467257.796177,1589467257.8992589,0.1,1589467257.910796,1589467258.008116,0.1
1589467258.155051,1589467258.250459,1.1,1589467258.2631931,1589467258.358189,1.1
1589467258.497262,1589467258.602693,0.0,1589467258.609735,1589467258.70821,0.0
1589467258.844655,1589467258.9382029,1.0,1589467258.949771,1589467258.9510882,1.0
